ENSEMBL	baseMean	log2FoldChange	lfcSE	pvalue	padj	CD_Ctl_1_fpm	WD_Ctl_1_fpm	CD_Ctl_2_fpm	WD_Ctl_2_fpm
ENSMUSG00000035692	17965.42834765251	1.0842470094069152	0.17727372664502675	6.834636425683893e-11	2.4149048704083087e-8	219.76684242191496	420.0608811782567	230.32173045677948	568.0468451165398
ENSMUSG00000054203	624.4918998263629	1.0245052568322541	0.23903009474949227	1.235075976543304e-6	8.090441509266812e-5	6.389381072134291	16.696543400252448	9.38027097724979	17.526597475418058
ENSMUSG00000035373	427.0051348662089	1.6068509340959318	0.31518177975569317	1.855350399197015e-8	2.8464981124522628e-6	2.627409039008493	11.2393977826456	5.339538863972958	14.97693081681737
ENSMUSG00000024675	14028.412380881931	1.0214122037489628	0.18382122063916378	2.115916416316595e-9	5.249273492393936e-7	155.39532096620687	345.28637526892027	205.8969479506329	416.44555423811227
ENSMUSG00000064337	28094.82256770115	1.12590497097233	0.217195938948918	1.3620194151795419e-8	2.1754995042456794e-6	253.02745230209067	779.7680540154062	429.1654361918265	787.1293135592655
ENSMUSG00000078763	10788.339012878874	1.1710305951833098	0.17815266944733568	3.3669485544173083e-12	1.9629310072252906e-9	125.45878161265554	346.58680145864787	134.10179700937488	257.49744609897607
ENSMUSG00000040522	8056.613147093941	-1.0579518169711193	0.23151015255500196	3.154319646059734e-7	2.6846253337997444e-5	216.12429807238044	128.97441174548277	227.9045067818728	71.9572590316194
ENSMUSG00000024397	11200.611135275078	1.0517053243981507	0.18450637917716423	8.610334383803364e-10	2.2817386117078915e-7	132.00739959624488	259.48146864314447	152.26705253647208	352.8927519700284
ENSMUSG00000014444	4468.480034918203	-1.2806042464004104	0.19574134648238845	3.736441967761713e-12	1.980195717858874e-9	140.84504818200074	59.05328215137966	115.28713810692965	42.53221714939813
ENSMUSG00000028649	5919.857606906716	-1.1031922923280084	0.17212470204490665	1.0005071736156993e-11	4.4868898632150205e-9	151.0362105151246	80.85864272556194	175.68165201429946	66.32910596300455
ENSMUSG00000035352	544.491025058499	1.2763472130390108	0.2625565258345976	7.007052865486591e-8	8.336962899140169e-6	6.1107164770879345	11.982498462489938	6.061098169915249	19.434125864445235
ENSMUSG00000043940	4799.514931148965	-1.0110710740623716	0.16064874418159594	2.2802511944318028e-11	9.495617473955294e-9	130.37522125383055	67.11128014844171	129.01480390248173	57.71689858284223
ENSMUSG00000032788	8309.314955177626	-1.2068733023042786	0.19067245928293147	1.5605821726388315e-11	6.739403012210658e-9	247.67311115441424	115.22704916836253	221.64497980282343	80.64501209055506
ENSMUSG00000040761	2556.919030051295	-1.2601754249608665	0.19124167302078673	2.6956222034799143e-12	1.6542607838197792e-9	77.03085591638536	33.857524725407615	68.8908747348403	24.911187575513377
ENSMUSG00000026548	5911.426976258033	1.3467289308007626	0.17933333212475022	3.78358041007846e-15	5.167233566953861e-12	58.28070959255203	153.65928745406183	72.42651533395752	188.86419693338425
ENSMUSG00000005198	5282.971625942634	-1.00190666339019	0.18126878056092988	2.3748799494733783e-9	5.768979210595748e-7	157.32606851759948	76.07493209906401	128.36540052713366	61.15422696702981
ENSMUSG00000031010	2723.05350999792	-1.4262079953342077	0.1903675161519552	3.988430712057011e-15	5.167233566953861e-12	75.99581599192747	33.369864904259764	84.24204896876255	24.382367824099905
ENSMUSG00000026131	857.0053964623621	-1.1342962683842286	0.2160145968727028	9.37694996919097e-9	1.6892311355409456e-6	24.144296699373502	12.052164151225343	23.70322320020428	8.706639478629013
ENSMUSG00000025261	3895.534526358483	-1.1967546678026357	0.17414541482587295	4.115499877611074e-13	2.822748739585007e-10	115.1282869820085	51.48294397546548	104.04885191687845	41.1912813511711
ENSMUSG00000038024	5114.9799513006255	-1.0280072294622973	0.17057047722730007	1.2006316219591755e-10	3.999818489155425e-8	134.35614404020703	73.10252937968667	143.42795103867903	58.58567388873579
ENSMUSG00000026923	1285.066147582695	-1.3717091331688922	0.2612266924077731	8.361718025914163e-9	1.6168218213268812e-6	44.029006017324136	17.48608787258706	31.405868791138243	9.953143178389348
ENSMUSG00000038664	3322.2145687322186	-1.0519110782402012	0.16765130753680807	2.460416108818439e-11	9.892569596145863e-9	96.53737756963024	44.93436923433726	84.76517946557071	39.718140615090704
ENSMUSG00000009185	2744.686665116602	1.5359102239167481	0.16552145164739973	1.0530098036485736e-21	3.069523577635592e-18	25.65704735819657	80.85864272556194	29.728243404822415	83.47797504455582
ENSMUSG00000022263	2513.8725416033076	-1.0127717024002822	0.2121507327697763	1.218645826489259e-7	1.2801270573752036e-5	71.73622861050461	38.96634189933743	65.12072736129181	25.42112090723352
ENSMUSG00000029004	2245.171656673506	-1.3725510387212678	0.1924332296359708	5.87128331291193e-14	4.8899402448966505e-11	65.30703831050656	28.40037910780076	65.55366294485718	20.47287894757885
ENSMUSG00000030451	2815.626431009059	-1.1730700560867011	0.16218076950704916	3.127032660868709e-14	2.973592828190426e-11	82.24586476653859	34.99539764141925	75.24059662713246	32.919029525488874
ENSMUSG00000084319	3617.547670626867	1.0627110553914094	0.20756744852257203	2.121593389032514e-8	3.171510117451168e-6	39.689800180173755	82.15906891528952	51.068359878065685	116.68030086544478
ENSMUSG00000074305	2102.9818901521176	-1.0031269874852	0.1685285395930196	1.9529510365960427e-10	6.154434888299962e-8	58.59918341546215	28.818373240213198	54.96478013015406	25.96882707834033
ENSMUSG00000033705	3379.810003192575	-1.0807745930017674	0.17824119289409704	9.148319598169615e-11	3.137335485725227e-8	93.90996853062175	47.860328161224345	91.87253862910228	36.92295050047662
ENSMUSG00000024483	2454.354618839794	-1.0081955270487952	0.191690507595591	1.0200783878555682e-8	1.7494695172044551e-6	66.46150591855574	36.713817963559286	66.61796292112207	26.686511026687192
ENSMUSG00000032525	1754.1112413471028	-1.22729934329854	0.23362109239270365	8.99328996296168e-9	1.6644723963195747e-6	45.163569011441446	25.195757425972054	54.78439030366849	15.279113531910784
ENSMUSG00000079487	2078.3323975325516	-1.2923496930823053	0.250885706757383	1.4875688815031816e-8	2.312673754443613e-6	62.48058313217925	30.304574599901873	57.6525885447891	15.94013822117763
ENSMUSG00000038384	1873.60608175731	-1.010944900283276	0.2061441983362944	6.510756160243046e-8	8.07610817323765e-6	52.74722691948869	28.516488589026437	49.10211076937295	19.62299006137862
ENSMUSG00000005732	1330.6742815125806	1.05817359915796	0.22552918234159483	1.8355992347320993e-7	1.7122469661581022e-5	13.375900562225056	32.62676422441543	19.878958878710137	40.64357518006429
ENSMUSG00000072109	1297.4857178697862	1.8887574088341894	0.2262676565574809	3.764871978211278e-18	6.271201037991929e-15	8.83764858575584	34.80962247145816	12.627287853990103	47.59377762721283
ENSMUSG00000014498	2005.265454632939	-1.390195751517464	0.21298991857424268	3.906046441745635e-12	1.980195717858874e-9	62.082490853541586	26.031745690796935	55.39771571371944	17.01666414369792
ENSMUSG00000061436	1515.0201099405697	-1.7378816931671561	0.18872775548339338	1.837556324365812e-21	4.2851813484210734e-18	52.42875309657857	14.142134813287543	41.45358212638465	13.258266624723573
ENSMUSG00000002028	1325.0449637872898	-1.0896069650041345	0.214515135342145	2.448752697942793e-8	3.524994624446045e-6	33.579083703085814	19.25095198721736	39.72183979212315	13.522676500430311
ENSMUSG00000030660	1516.261595029943	-1.1723764739158336	0.2228983272560924	8.931982298926814e-9	1.6644723963195747e-6	37.06239114116526	21.317700753034423	48.30839553283642	14.693634521417293
ENSMUSG00000056342	1436.0152613007194	-1.4495129008333683	0.20712361973880125	1.2662750302323453e-13	9.843177901672765e-11	41.122932383269294	17.671863042548143	43.924922749237	12.238399961283298
ENSMUSG00000062382	2244.1618958436193	1.0071102811515322	0.23239350403982484	1.012486454117095e-6	7.02713812797936e-5	24.62200743373868	47.62810919877298	32.6505585938887	74.75244914623347
ENSMUSG00000037646	1743.8395756166692	-1.1668981714214972	0.16872955674051127	3.103950728691313e-13	2.2620040935337944e-10	50.39848247552655	21.36414454552469	47.081744712734526	20.756175242978927
ENSMUSG00000032855	1658.5817965269143	-1.2826328984418252	0.20719313053424335	3.6543945130264274e-11	1.374523871673811e-8	52.52827616623798	21.758916781691994	42.68023294648655	15.807933283324259
ENSMUSG00000069893	942.2603275181322	-2.4227294598437665	0.27104662698719995	1.862765570464718e-20	3.6199744252697684e-17	31.091006961600502	7.7328914496301335	32.848987403022825	3.758397518974346
ENSMUSG00000029380	51.29952576185538	1.1127517781397447	0.6935957367368777	0.0034060817360862796	0.02560600454079047	0.6767568736840057	1.4629794634435387	0.34274067032258854	1.6242320936271044
ENSMUSG00000033799	493.1679861223151	-1.0391441635828818	0.24910616507235853	1.931629762078846e-6	1.1139136668121922e-4	12.898189827859875	7.268453524727423	14.232757309711703	5.080446897508036
ENSMUSG00000035284	1493.2556156152402	-2.0066988300931414	0.2055353679809461	8.36750927011407e-24	4.878257904476503e-20	45.442233606487804	13.7241406808751	50.779736155688774	9.594301204215919
ENSMUSG00000022723	1174.807567930957	-1.0266488245889216	0.21596609592032234	1.3464918664678395e-7	1.3893889524792043e-5	32.06633304426275	17.764750627528684	32.091350131783415	12.12508144312327
ENSMUSG00000090125	478.71077253453495	1.0242502649562384	0.24114613704832813	1.4660163457571214e-6	9.141043097073815e-5	5.135390394425691	13.097149482256443	6.945008319694557	13.144948106563543
ENSMUSG00000031004	618.0179764767125	-1.0711673826744186	0.22999572491978135	2.1057686936811093e-7	1.903353718474553e-5	15.52559886686837	6.664684222353898	18.634269075959683	8.649980219548997
ENSMUSG00000022801	792.5312244941971	-1.5506690191888983	0.2952558484049995	7.764415974833565e-9	1.5344591570603283e-6	23.18887523064314	10.56596279153667	24.911835037657617	4.778264182414621
ENSMUSG00000054843	841.2020071553886	-1.021981890661779	0.19677425340852345	1.454649903234882e-8	2.2920564691511793e-6	24.004964401850323	10.1944124516145	21.791091039457207	11.350738235696392
ENSMUSG00000072621	709.216167282578	-1.1868223211116158	0.25338208833628667	1.6678531974680755e-7	1.5810705920713627e-5	18.113198678013095	10.217634347859637	22.079714761834126	6.364723436655049
ENSMUSG00000019820	778.3250304742787	-1.0396450904279249	0.19717434819455693	9.416811647526711e-9	1.6892311355409456e-6	20.720703103089708	9.428089875525027	21.809130022105762	10.349757991949456
ENSMUSG00000054150	685.2955559298133	-1.368419997660159	0.23801384184230445	5.086858372932086e-10	1.482819215709703e-7	20.223087754792644	8.940430054377181	19.860919896061574	5.835903685241573
ENSMUSG00000001930	1730.3220192937774	-1.325906134356111	0.20461502695000913	5.538641626222944e-12	2.583222454470381e-9	58.32051882041579	17.741528731283548	41.832400762004355	20.62397030512556
ENSMUSG00000033792	790.8617739365791	-1.8594859788034583	0.28552545041787053	3.67865057546325e-12	1.980195717858874e-9	24.04477362971409	8.917208158132047	26.15652484040807	4.19278517192113
ENSMUSG00000066571	539.4928802865204	-1.5205214151232984	0.3063091955914219	3.52922399491842e-8	4.5723057534165296e-6	16.02321421516543	7.245231628482287	16.595864036672708	3.3240098660275623
ENSMUSG00000025437	789.933886825227	-1.1719608036115865	0.214514742952148	2.928018506627065e-9	6.967488936177873e-7	21.795552255411366	10.77495985774289	22.62088424129084	8.045614789362169
ENSMUSG00000030657	1129.8613178026162	-1.090039659210125	0.18882053370940038	5.263103755358983e-10	1.4967753606703838e-7	30.712819296894732	15.326451521789451	31.586258617623816	12.82387897177679
ENSMUSG00000071669	842.0253241943392	-1.492226979887878	0.2658810182766797	1.0727480031542223e-9	2.779609270395162e-7	28.04560103002248	10.914291235213703	22.422455432156713	6.024767882174957
ENSMUSG00000027962	91.36697326422686	1.405265064417801	0.5783087698850504	5.698293786773226e-4	0.007628255517081035	0.8957076269347135	4.226385116614668	0.7756762538879635	1.4164814770003817
ENSMUSG00000030583	950.8591291730161	-1.143343377645576	0.23831723641857633	9.873383950967766e-8	1.0860722346064543e-5	29.996253195346963	13.67769688838483	23.342443547233135	9.10325429218912
ENSMUSG00000031822	656.3458800002676	-1.2980879553587337	0.2592514130274756	3.11529575913418e-8	4.17521247718443e-6	18.989001691015925	9.195870913073673	19.013087711579384	5.344856773214774
ENSMUSG00000055485	798.0854487955405	-1.128376424597034	0.21063046865802532	5.44543547109891e-9	1.1979958036417602e-6	23.527253667485144	10.844625546478294	20.943258854975014	8.574434540775645
ENSMUSG00000096054	876.2332953247163	-1.0703414980232642	0.23759173673741926	4.23460065712365e-7	3.381879702880943e-5	25.776475041787865	13.21325896348212	22.656962206587956	8.49888886200229
ENSMUSG00000044098	466.9848971050433	-1.245727074261059	0.24724504755025148	2.749699787605251e-8	3.7280813399392127e-6	13.117140581110583	6.246690089941459	13.619431899660755	4.400535788547852
ENSMUSG00000050395	65.81758309804881	-1.0611959614892699	0.645637706716103	0.0032553099748803263	0.02484091250464961	1.9307475513926047	0.9753196422956926	1.9662491086927447	0.39661481356010686
ENSMUSG00000050299	922.406996812008	1.2000826795120558	0.2588984468197969	2.1831498630185825e-7	1.958117492522821e-5	10.09163926346444	18.972289232275735	11.292403137996864	33.48562211628902
ENSMUSG00000054640	507.6449677591365	-1.3491291547484618	0.2483040449979498	3.1367823890541774e-9	7.314976531274342e-7	13.694374385135175	6.50213094863795	15.928421678676088	4.513854306707883
ENSMUSG00000004815	674.6257482079967	-1.0405653611123875	0.26202702257061095	4.461137111785935e-6	2.176437603490544e-4	20.919749242408535	10.356965725330449	16.28920133164723	6.440269115428402
ENSMUSG00000005580	652.4934695074496	-1.5769019770718884	0.2338833930797432	8.470060045766552e-13	5.486716674091e-10	21.47707843250124	7.431006798443372	18.057021631205846	5.26931109444142
ENSMUSG00000040524	468.4697050445569	-1.2598762416506524	0.24073992559544674	9.811110877978025e-9	1.733296255109451e-6	14.629891239933656	5.921583542509562	12.2484692183704	4.702718503641267
ENSMUSG00000024298	373.0032372444735	-2.9408941046012465	0.27114329218507016	9.57543355839803e-29	1.1164955529092104e-24	12.360765251699046	1.9970830770816559	14.142562396468916	1.3598222179203665
ENSMUSG00000005893	530.6470086368421	-2.0773904709118822	0.22136937635796589	2.6630318919652698e-22	1.0350317286771681e-18	17.078158753555204	4.296050805350074	17.479774186452012	3.626192581120977
ENSMUSG00000033624	523.4716940667453	-1.7761974426733131	0.2462485970535071	2.8433332212837693e-14	2.973592828190426e-11	14.968269676775657	5.41070182511658	17.76839790882893	3.758397518974346
ENSMUSG00000107215	335.06466717265255	-1.2266183263722683	1.0881242031056426	0.004589812829878108	0.0312359958661281	9.295454706189139	3.9709442579181764	12.140235322479057	1.4164814770003817
ENSMUSG00000021823	405.647225789298	-1.5887513558582516	0.2803504002303103	7.545185833581886e-10	2.045973646966623e-7	12.022386814857045	4.899820107723597	12.699443784584332	2.851849373694102
ENSMUSG00000037341	602.9213540812586	-1.1411585383493685	0.2142480172145509	5.946668256744165e-9	1.260693670429763e-6	16.779589544576968	7.918666619591217	16.938604706995296	6.629133312361787
ENSMUSG00000052512	500.0103260443045	-1.0105312506194184	0.26400709605098616	8.08438580883709e-6	3.3907891557928224e-4	14.032752821977178	7.75611334587527	13.38492512522951	4.853809861187974
ENSMUSG00000030188	177.45613957124488	1.2759633511160957	0.3645812701124914	2.4499445694182445e-5	7.935098244282424e-4	1.3734183612998943	4.806932522743056	2.435262657555234	5.590380229228173
ENSMUSG00000034218	328.43491810771434	-1.32398832243247	0.25063937760400046	7.383241199482625e-9	1.4849420735402095e-6	9.514405459439846	3.7619471917119567	9.578699786383922	3.437328384187593
ENSMUSG00000028864	526.6600204652843	-1.254075861807081	0.24716286634999207	2.2850977058684454e-8	3.3305299063032594e-6	13.33609133436129	6.896903184805255	16.866448776401068	5.061560477814697
ENSMUSG00000079260	431.4474737268024	-1.6571806937453142	0.2810144987251844	1.8897262435118554e-10	6.120613333152288e-8	14.729414309593068	4.9927076927041405	11.85161160010214	2.9651678918541324
ENSMUSG00000032589	761.4892519646751	-1.0044420260355214	0.23133360885000018	9.401869023947479e-7	6.603963422845037e-5	23.149066002779374	11.192953990155328	18.345645353582768	8.272251825682229
ENSMUSG00000087477	173.7844727689868	1.437301863492556	0.33210097534633565	7.978969971002257e-7	5.851244645401655e-5	2.0302706210520176	5.341036136381173	1.4791965771816977	5.061560477814697
ENSMUSG00000057036	527.384497276858	1.1645858477797355	0.2859462072818403	2.7853911366337294e-6	1.4629576870787967e-4	5.254818078016986	11.100066405174786	7.0532422155859	18.81087401456507
ENSMUSG00000037112	342.2430959385714	-1.641750954512745	0.282946860423055	3.3392360675009787e-10	9.983459627451643e-8	11.007251504331034	3.9245004654279056	10.029674352597853	2.4363481404406566
ENSMUSG00000059149	298.21322160020054	-1.4711116089401286	0.35004297141794816	1.2928516337826084e-6	8.282774752695173e-5	8.001654800616775	4.063831842898719	9.975557404652182	1.831982710253827
ENSMUSG00000031433	227.92048564895228	-1.0088668359225166	0.35418339681552913	2.3930811245973844e-4	0.004195988859068497	5.135390394425691	3.4368406442800596	7.558333729745505	2.1152790056539033
ENSMUSG00000043801	411.4895868043834	1.010206563261374	0.2706143089551287	1.2326269110009408e-5	4.765278452125743e-4	4.976153482970631	9.010095743112588	5.375616829270073	13.579335759510327
ENSMUSG00000038244	372.84445802878776	-1.075022782986513	0.2574264521335207	1.8730616834799502e-6	1.0865621507152348e-4	11.405343782968686	4.11027563538899	9.308115046655562	5.02378763842802
ENSMUSG00000073016	347.7042679349312	-2.073742811666494	0.2818748101513954	9.280378387948254e-15	1.0820921200347664e-11	9.952306965941261	3.0885122006030263	12.735521749881448	2.0586197465738882
ENSMUSG00000027864	394.01954247890404	-1.4591878932959514	0.2560917232625845	6.701556711551745e-10	1.8604797918260318e-7	13.25647287863376	4.412160286575752	10.210064179083426	3.663965420507654
ENSMUSG00000022584	447.8940764466971	2.0347488466113015	0.28285097457926633	3.315326480829806e-14	2.973592828190426e-11	3.4634028241475594	18.438185618637615	3.2830948420374266	10.670827126736208
ENSMUSG00000094392	319.49969331736474	1.1138321282641102	0.31320744708710285	2.2046692281533987e-5	7.429607861349314e-4	2.707027494736023	8.290216959513385	4.834447349813353	9.745392561762626
ENSMUSG00000081406	388.66590293360116	1.097622264394436	0.2608700062767961	1.6450053930011305e-6	9.941059244735123e-5	4.219778153559095	9.404867979279892	5.213265985433057	12.276172800669976
ENSMUSG00000025019	120.80452964608182	-1.7334288677374983	0.40722466048826367	1.0283413036063945e-6	7.07119782434004e-5	3.3638797544881465	0.7663225760894726	4.275238887708078	1.2653901194536743
ENSMUSG00000032086	267.26754294855607	-1.4940145155043327	0.31554862662813604	1.126825782550953e-7	1.2053934517930377e-5	6.886996420431353	3.251065474318975	9.217920133412775	2.0397333268805498
ENSMUSG00000043467	169.58673499786377	-1.3772902997746148	0.3236996421292586	1.1233297940079288e-6	7.442059885302528e-5	5.015962710834396	1.695198425894894	5.032876158947484	1.831982710253827
ENSMUSG00000051339	261.91748160986634	-1.2109239979035293	0.28958793733911015	1.645475501058215e-6	9.941059244735123e-5	8.519174762845719	3.158177889338433	6.4759947708320675	2.814076534307425
ENSMUSG00000024978	300.8950951412322	-1.1845542110899998	0.28449015567596997	1.787752515087473e-6	1.0474972023075344e-4	8.638602446437016	4.156719427879261	8.478321844821926	2.814076534307425
ENSMUSG00000015127	222.0536123345781	-1.3317478848055908	0.3695587719080221	1.528678667864648e-5	5.622836992839683e-4	7.006424104022648	3.1813997855835687	6.115215117860922	1.473140736080397
ENSMUSG00000063450	95.02419947591441	-1.0950822271366942	0.5733602740104682	0.0020302435470613196	0.018223741153760575	2.6473136529403756	1.5094232559338099	2.9403541717148385	0.5099333317201374
ENSMUSG00000106037	313.47651779417646	1.1723272176718642	0.32221406299112754	1.5482217774059106e-5	5.659598967403363e-4	3.841590488853327	6.339577674922002	3.3552507726316563	11.558488852323116
ENSMUSG00000040721	315.4889029675597	-1.2316241519715685	0.31187242880905847	4.231767140559728e-6	2.0996768025075078e-4	9.713451598758672	4.551491664046566	8.46028286217337	2.5307802389073486
ENSMUSG00000027200	125.23493748983856	-1.067258276790627	0.4050496015967968	4.149572667719933e-4	0.006063160063360203	3.1847382291012036	1.7184203221400298	3.9324982173854894	1.1898444406803206
ENSMUSG00000096954	87.77093978861257	-2.5746118826852746	0.5017835508849595	1.3353433143950933e-8	2.1687446743879057e-6	2.1098890767795475	0.5341036136381173	4.004654147979719	0.3777283938667685
ENSMUSG00000026490	174.7530826382126	-1.1671423458451935	0.35071300504730113	4.7200640072298896e-5	0.00134562215951835	4.677584273992393	1.5558670484240809	5.357577846621515	2.3985753010539796
ENSMUSG00000046721	256.6233906246764	1.0071427917926266	0.33068440452439213	1.3703745802749154e-4	0.0028533156439295563	2.4084582857577854	6.060914919980375	3.896420252088375	8.177819727215537
ENSMUSG00000043483	259.63139680194416	1.1639672657987885	0.30652541361032404	8.514399191418767e-6	3.5330211591438725e-4	3.0055967037142612	5.851917853774155	3.0125101023090677	8.914390095255737
ENSMUSG00000035299	57.3955000508388	-1.5942033623851442	0.6142376196876883	3.530591578731699e-4	0.005381267687321779	1.214181449844834	0.5108817173929818	2.435262657555234	0.4343876529467838
ENSMUSG00000028068	199.26733429577544	-1.1763210016358532	0.30431801778742806	6.3308995419585336e-6	2.850126975260097e-4	5.792242654177814	2.206080143287876	5.574045638404202	2.379688881360641
ENSMUSG00000043051	134.68930192121002	-1.0893001529795383	0.36682678767130933	1.5752931500818612e-4	0.0031030860821688344	3.921208944580857	1.6719765296497584	3.716030425602802	1.473140736080397
ENSMUSG00000048732	129.90657192860684	-1.716063019348062	0.3661373816710092	1.3944899663918862e-7	1.4138915659242952e-5	3.7818766470576795	1.1378729160116414	4.365433800950864	1.114298761906967
ENSMUSG00000090399	149.7122049010488	-1.8657259648699347	0.37132747952533013	2.5359328501072548e-8	3.5625273532832036e-6	5.75243342631405	1.0682072272762346	3.842303304142703	1.3220493785336895
ENSMUSG00000048279	165.14395662673277	-1.0587093394497844	0.3661417627897407	2.0141231910489338e-4	0.0036925591835897118	4.17996892569533	2.368633417003825	5.123071072190271	1.5486864148537507
ENSMUSG00000105388	186.56455442450618	1.105783511500435	0.37925542266021217	1.873208588835894e-4	0.0035322112016221013	1.8511290956650748	3.831612880447363	2.4533016402037915	6.7991110896018325
ENSMUSG00000074519	178.44102467860665	-1.3160208764259294	0.343559885143877	6.569730057942725e-6	2.923780628840159e-4	4.797011957583688	2.275745832023283	5.682279534295546	1.5297999951604122
ENSMUSG00000044424	170.1722692944985	1.0012122012558824	0.3614178335346489	3.136901668186836e-4	0.004983143521942576	2.0501752349838998	3.7387252954668213	2.092521987232646	5.741471586774881
ENSMUSG00000086922	86.0246520271362	1.2290261162809595	0.4663752626045768	3.8266299294470837e-4	0.005683885984376177	0.7563753294115358	2.345411520758689	1.046260993616323	2.7385308555340715
ENSMUSG00000097242	80.98108982432063	-1.3432324751103106	0.5221119182042262	4.022317612067861e-4	0.005921745373322128	2.28903060216649	1.0682072272762346	2.6156524840408073	0.5099333317201374
ENSMUSG00000086213	61.7114520577243	1.2149197270848895	0.5875370109655786	0.00144222923458755	0.014484403854686334	0.5573291900927106	2.298967728268418	0.6674423579966198	1.4164814770003817
ENSMUSG00000092528	95.388205957829	-1.793535873853482	0.4218859620642001	1.030963662210812e-6	7.07119782434004e-5	3.144929001237439	0.7198787835992015	2.9403541717148385	0.8310024665068906
ENSMUSG00000062611	152.32833725598266	1.0374459580701025	0.423919278447234	7.132407173708912e-4	0.008980979227369968	1.4729414309593067	3.0188465118676198	2.0744830045840885	5.62815306861485
ENSMUSG00000046323	156.67216805317076	1.1213205271852442	0.3616648028738442	1.0402900380733653e-4	0.002357217054321909	2.0700798489157823	3.878056672937635	1.551352507775927	5.042674058121359
ENSMUSG00000040840	96.14614070560518	-1.129759970188471	0.478758029303658	7.844463931687293e-4	0.009537690244366407	2.5278859693490805	1.3468699822178611	3.0666270502547395	0.755456787733537
ENSMUSG00000087412	154.55093246087824	1.2929881543404418	0.35396004485595034	1.38024379657367e-5	5.141738871581147e-4	1.671987570278132	3.808390984202228	1.6415474210187133	5.250424674748082
ENSMUSG00000019852	132.13818743985303	-1.3588107550188702	0.38091114932518644	1.8032763102387208e-5	6.372005843644133e-4	3.3240705266243817	1.253982397237319	4.545823627436437	1.4542543163870585
ENSMUSG00000051586	129.82891028281006	-1.0402762195257753	0.37762309485057827	3.0907772826280677e-4	0.004936775769238805	3.9610181724446223	1.5094232559338099	3.3552507726316563	1.5675728345470892
ENSMUSG00000051149	87.44086847856327	-2.4719419064419617	0.4896084825984102	1.9768906835471013e-8	2.993577320799896e-6	3.503212052011324	0.650213094863795	2.5254575707980207	0.3210691347867532
ENSMUSG00000066362	140.48666881478056	1.0101962764994852	0.39394623394151423	5.453555398714047e-4	0.007402614196624655	1.5525598866868369	3.1117340968481617	1.8038982648557291	4.778264182414621
ENSMUSG00000050954	110.27863357223744	-1.179610351379212	0.44006136372769533	3.3331391903919334e-4	0.005187289365290932	3.3240705266243817	1.5326451521789453	3.102705015551854	0.8687753058935676
ENSMUSG00000094410	63.822892628955096	-1.7274701911418695	0.7631948289745731	7.068725633259729e-4	0.008920058537208704	1.3734183612998943	0.7895444723346082	2.8140812931749375	0.13220493785336895
ENSMUSG00000095332	130.73044789871784	-1.2298970199381842	0.48107585203816383	4.4110371840991693e-4	0.006356066577130304	4.160064311763448	1.9970830770816559	3.5717185644143434	0.7365703680401985
ENSMUSG00000109408	38.91958703700556	-1.9195885574040614	0.7471766652015898	3.683321938151207e-4	0.00549788529408948	0.9355168547984786	0.16255327371594874	1.6776253863158281	0.3399555544800916
ENSMUSG00000071532	118.13105139930816	1.0035985217606826	0.4746676177720366	0.0015720839385377815	0.015324924164216509	0.9355168547984786	2.6937399644357223	1.7858592822071717	4.0416938143744225
ENSMUSG00000074283	121.2663863323088	-1.1542152911774417	0.3822814955982954	1.2910475067367334e-4	0.0027221725006420098	3.622639735602619	1.3700918784629967	3.3552507726316563	1.3598222179203665
ENSMUSG00000111535	138.82536530029165	1.5189973780341968	0.39767490353597124	6.616113843211373e-6	2.92939513093894e-4	0.955421468730361	4.8533763152333265	1.6595864036672707	3.6450790008143157
ENSMUSG00000069972	126.44781374451722	1.310397527906159	0.4218276214836475	9.176393911050661e-5	0.0021573488306700114	1.094753766253539	2.8098494456614	1.5152745424788123	4.702718503641267
ENSMUSG00000066315	113.55174368765893	1.2200016912056704	0.4774978043992918	4.7380791763575164e-4	0.006696485235918623	0.955421468730361	2.252523935778147	1.425079629236026	4.457195047627868
ENSMUSG00000039646	65.40864416260459	-2.6777031529210564	0.5627399806317567	8.644525050795826e-8	9.785938067211586e-6	1.9904613931882524	0.4412160286575752	2.6156524840408073	0.18886419693338424
ENSMUSG00000081855	113.11902880679686	1.1548279217113195	0.4637710403780619	5.833625237203291e-4	0.007764848203857348	0.9952306965941262	2.368633417003825	1.4611575945331405	4.2305580113078065
ENSMUSG00000081049	95.57160846574052	1.0156814240628507	0.4871013455375081	0.0016536973639317727	0.01580408339120787	0.9355168547984786	2.089970662062198	1.244689802750453	3.3806691251075778
ENSMUSG00000034066	75.58376471473478	-1.1288135928183811	0.5558820980867667	0.001593010702369047	0.015465865769877676	2.5278859693490805	1.044985331031099	1.9301711433956303	0.5477061711068143
ENSMUSG00000102336	74.37207924773956	-1.517907268437515	0.5642015720730944	2.7029467005029706e-4	0.0045543870705006696	2.189507532507078	0.952097746050557	2.4533016402037915	0.35884197417343006
ENSMUSG00000072596	126.02601075545206	1.015624617480595	0.4366788866626227	9.636286497920087e-4	0.01108077914849588	1.2937999055723641	4.528269767801429	1.6415474210187133	2.625212337374041
ENSMUSG00000083716	100.24569764540601	1.105076345327657	0.5369114824647077	0.0015968677206884508	0.015479403441020438	1.0151353105260088	1.7184203221400298	1.1364559068591094	4.1550123325344535
ENSMUSG00000083621	93.8943917350638	1.1860169122272743	0.4787476709963145	5.899691153527046e-4	0.007799364948993804	0.9156122408665961	2.0435268695719273	1.0823389589134373	3.47510122357427
ENSMUSG00000090939	76.61531113396659	-2.0381331325499095	0.47186540423509554	7.491325380492052e-7	5.528408476996033e-5	2.4084582857577854	0.4876598211478463	2.6517304493379217	0.5854790104934912
ENSMUSG00000018341	73.97697193275987	-1.262106814095461	0.5150725792733426	5.842632364426628e-4	0.007767969597401879	2.6075044250766104	0.8127663685797437	1.8219372475042863	0.6799111089601833
ENSMUSG00000113184	60.54396360657402	-1.1934892579062935	0.6270827702298418	0.0019657432116023787	0.01783701622356711	1.253990677708599	0.6269911986186595	2.3991846922581197	0.5665925908001527
ENSMUSG00000060198	83.35333521147732	1.3030372016299778	0.552155150443209	7.310930781784025e-4	0.009107420183290783	0.5573291900927106	1.7648641146303008	1.0642999762648802	3.286237026640886
ENSMUSG00000029651	89.26612479232675	1.6495434739753079	0.46757622607252136	1.9410534436129414e-5	6.776252440876316e-4	0.5374245761608281	2.9724027193773486	0.9921440456706511	2.644098757067379
ENSMUSG00000103928	37.610793927546396	-1.4142734890755488	0.7438406792660387	0.0017699048311029476	0.016575976169205114	1.1345629941173039	0.34832844367703303	1.244689802750453	0.28329629540007634
ENSMUSG00000111818	95.02730783242413	1.2504500868312713	0.4499699129979268	2.535689999194681e-4	0.0043672297475051665	0.7762799433434184	2.902737030641942	1.2086118374533383	2.719644435840733
ENSMUSG00000083496	68.01364805823324	1.6540624343807513	0.5422034603859215	9.749331577313302e-5	0.0022555001228466887	0.4777107343651805	1.5790889446692165	0.6494033753480625	2.7385308555340715
ENSMUSG00000044816	114.32817281509762	1.8765113438687	0.3946958000767575	1.0149202274732803e-7	1.100262297178615e-5	0.7762799433434184	3.343953059299517	1.0282220109677656	4.003920974987746
ENSMUSG00000075592	78.25087306349421	-1.6324583566364894	0.6018960908271291	2.410311161865056e-4	0.004219723275295893	2.9259782479867313	0.9985415385408279	2.056444021935531	0.28329629540007634
ENSMUSG00000056071	65.9358201956023	3.4916310253404865	0.736679132977398	1.0191108756028338e-7	1.100262297178615e-5	0.19904613931882523	0.7431006798443371	0.16235084383701562	4.1738987522277915
ENSMUSG00000106237	54.57377212113876	-1.4649113349356908	0.6055720752303568	5.689308181335929e-4	0.007624980849928384	1.8909383235288397	0.6037693023735239	1.5152745424788123	0.35884197417343006
ENSMUSG00000041180	36.94192505985535	-1.5601593619354146	0.7617972950293143	0.0012623016458692567	0.013210090270566079	0.9753260826622435	0.34832844367703303	1.4070406465874687	0.22663703632006107
ENSMUSG00000068130	58.62655833051838	-1.5380357822161488	0.551879470475119	2.1647599131500008e-4	0.0038772811962102935	1.6520829563462496	0.5108817173929818	2.0203660566384167	0.5099333317201374
ENSMUSG00000095403	38.69224676997771	-1.228643413369092	0.8671980338286589	0.003834420786915582	0.027865153362300717	1.1942768359129514	0.4876598211478463	1.2266508201018957	0.18886419693338424
ENSMUSG00000097429	41.13419428845551	-1.137774929560641	0.7730676032831952	0.003942346746600268	0.028305272823497	1.0549445383897738	0.4179941324124396	1.4611575945331405	0.35884197417343006
ENSMUSG00000029516	53.85873542825888	-1.7326165133195233	0.5977389592704191	1.523445327594022e-4	0.0030508460928997307	1.7715106399375447	0.27866275494162646	1.7137033516129427	0.5477061711068143
ENSMUSG00000081087	47.79308883116301	1.0693146693850024	0.8362521931172034	0.0051631416513592005	0.03386391875513532	0.4976153482970631	0.8359882648248792	0.4148966009168177	2.0775061662672267
ENSMUSG00000026605	58.49762656709424	-1.4290463681023338	0.6348268900207313	8.431046307936641e-4	0.010000610371367367	1.3734183612998943	0.6966568873540661	2.2729118137182187	0.3399555544800916
ENSMUSG00000057605	50.646437191634334	1.0380288466102645	0.7104948131783322	0.004443741254305984	0.030618691362652932	0.39809227863765045	1.2307605009921836	0.6313643926995052	1.7942098708671501
ENSMUSG00000067149	48.879081523504965	3.9385403249828235	0.8758564744589858	3.492330170914372e-7	2.9086121280615415e-5	0.09952306965941261	3.251065474318975	0.09019491324278646	0.4721604923334606
ENSMUSG00000045055	53.054403097158286	1.0987630636990633	0.667176668977361	0.0032922409921238285	0.024989823647829583	0.45780612043329805	1.2307605009921836	0.6133254100509479	1.9453012284138578
ENSMUSG00000038473	48.39055610476646	-1.0258343454958323	0.8750514558554879	0.005651001432113	0.036203668515625044	1.97055677925637	0.6269911986186595	0.9741050630220938	0.30218271509341477
ENSMUSG00000073640	43.82646716317494	1.1485818381414135	0.8400949210931877	0.004467254147387627	0.030684764032607007	0.2587599811144728	0.952097746050557	0.5411694794567187	1.7564370314804734
ENSMUSG00000003379	52.67971314063584	1.6357812588958138	0.9305297249530203	0.001996607737544997	0.01801892122273581	0.1791415253869427	2.949180823132213	0.5411694794567187	0.5477061711068143
ENSMUSG00000039187	38.380265741839146	-1.211470642327629	0.7846533157059683	0.0034154458018623222	0.025653131798408793	1.094753766253539	0.3947722361673041	1.2807677680475678	0.30218271509341477
ENSMUSG00000074213	50.280994074990005	1.3640228628250513	0.6073555096132283	9.248218035330699e-4	0.010740460387645014	0.4379015065014155	1.5326451521789453	0.4870525315110469	1.5675728345470892
ENSMUSG00000076431	47.191126092944984	-2.449383719618091	0.6110008681311525	2.8482817043077673e-6	1.4826323514387753e-4	1.711796798141897	0.23221896245135537	1.5693914904244841	0.2644098757067379
